machineID,datetime,time_in_cycles,voltmean_24h,rotatemean_24h,pressuremean_24h,vibrationmean_24h,voltsd_24h,rotatesd_24h,pressuresd_24h,vibrationsd_24h,voltmean_5d,rotatemean_5d,pressuremean_5d,vibrationmean_5d,voltsd_5d,rotatesd_5d,pressuresd_5d,vibrationsd_5d,error1,error2,error3,error4,error5,comp1,comp2,comp3,comp4,model,age,DI,RULWeek,failure,failed,RUL,RUL_I
11,4/21/2015,108,168.6651737,456.7086233,101.2238264,40.37981204,13.48036779,36.8553989,12.29484178,4.722926868,169.1111206,423.2668328,110.387097,39.94806523,3.224352842,36.9339287,10.86192846,0.963538736,0,0,0,0,0,0,0,0,0,model2,6,2.656680374,1,none,0,1,164
11,4/22/2015,109,164.8821171,444.730367,99.66950826,39.89573505,14.56341678,56.90134214,10.88720361,5.361575283,167.907729,419.2789723,110.2277367,39.76025932,3.501169022,32.10698373,11.04811824,0.829725101,0,0,0,0,0,0,0,0,0,model2,6,2.596474927,1,none,0,2,163
11,4/23/2015,110,164.5950783,454.9005229,102.0562999,40.81539916,13.92531213,47.67396963,9.735118628,5.893148358,166.0940467,430.7379925,107.1810788,39.91021559,1.614805615,32.65746464,10.7090576,0.956741452,0,0,0,0,0,0,0,0,0,model2,6,2.53763385,1,none,0,3,162
11,4/24/2015,111,170.4831458,457.6101568,104.7621517,38.67529689,17.58319434,44.50084516,10.77290276,5.814847732,167.0013053,446.4131912,103.0065472,39.98344224,2.52771251,16.63542539,3.037807895,0.805646173,0,0,0,0,0,0,0,0,0,model2,6,2.480126224,1,none,0,4,161
11,4/25/2015,112,164.5062027,453.1164269,97.55158971,41.45370314,16.10678151,53.86564897,9.328228002,4.613158265,166.6263435,453.4132194,101.0526752,40.24398926,2.770158551,5.151845628,2.691074191,1.047669019,0,0,0,0,0,0,0,0,0,model2,6,2.42392183,1,none,0,5,160
11,4/26/2015,113,171.8808789,455.178791,98.74518728,41.07382401,16.65080584,54.10726559,9.61532723,3.994518314,167.2694846,453.1072529,100.5569474,40.38279165,3.608333261,4.94862435,2.873760536,1.114034208,0,0,0,0,0,0,0,0,0,model2,6,2.368991136,1,none,0,6,159
11,4/27/2015,114,168.4667549,466.8214091,100.1180057,44.7212966,17.81093499,48.37832249,9.702054283,8.317329088,167.9864121,457.5254613,100.6466468,41.34790396,3.363193523,5.437337718,2.846001146,2.173274089,0,0,0,0,0,0,0,0,0,model2,6,2.315305275,1,none,0,7,158
11,4/28/2015,115,168.4071802,444.9185166,98.41697307,48.9923958,14.27619672,44.2025859,11.62719526,5.043212315,168.7488325,455.5290601,99.91878149,42.98330329,2.78449993,7.911624823,2.860693697,3.989815796,0,0,0,0,0,0,0,0,0,model2,6,2.262836039,2,none,0,8,157
11,4/29/2015,116,170.8313776,458.5196809,99.2404674,46.20373805,12.92613856,49.02374053,10.31576662,7.109240101,168.8184789,455.7109649,98.81444464,44.48899152,2.842475065,7.98158242,0.953722931,3.322322834,0,0,0,0,0,0,0,0,0,model2,6,2.211555856,2,none,0,9,156
11,4/30/2015,117,174.4093019,452.6171791,95.07612513,41.29715366,15.85304005,55.14155705,10.27634649,4.069610781,170.7990987,455.6111153,98.31935172,44.45768162,2.518231496,8.025158335,1.923083132,3.358618311,0,0,0,0,0,0,0,0,0,model2,6,2.16143778,2,none,0,10,155
11,5/1/2015,118,171.264749,434.7044485,99.6597465,39.11808572,13.79750205,60.95601719,9.223096941,5.147368731,170.6758727,451.5162468,98.50226356,44.06653396,2.466607891,12.35591699,2.015008279,3.918452418,0,0,0,0,0,0,0,0,0,model2,6,2.112455474,2,none,0,11,154
11,5/2/2015,119,170.5055579,450.8905491,97.78311888,40.39097526,14.45954161,51.94126947,8.779679992,5.116982169,171.0836333,448.3300748,98.03528619,43.2004697,2.159518469,9.028562805,1.806740191,4.205584339,0,0,0,0,0,0,0,0,0,model2,6,2.064583202,2,none,0,12,153
11,5/3/2015,120,167.6120771,423.33165,96.67798282,39.43846039,12.59433395,68.16541989,7.632084296,5.703035489,170.9246127,444.0127015,97.68748814,41.28968262,2.419501161,14.54427499,1.880758532,2.87656602,0,0,0,0,0,0,0,0,0,model2,6,2.017795806,2,none,0,13,152
11,5/4/2015,121,170.832657,352.7747073,100.748848,41.70815128,16.28266694,40.99567699,8.403521352,4.506726531,170.9248686,422.8637068,97.98916426,40.39056526,2.419488903,40.99897252,2.272341728,1.127346826,0,0,0,0,0,0,0,0,0,model2,6,1.972068702,2,none,0,14,151
11,5/5/2015,122,170.4352471,406.8729667,98.53282372,39.25335364,15.41164274,75.9556373,8.601498739,4.81329916,170.1300576,413.7148643,98.68050398,39.98180526,1.445297311,37.66825935,1.586991122,1.08622828,0,0,0,0,0,0,0,15,15,model2,6,1.927377862,3,none,0,15,150
11,5/6/2015,123,171.5800514,452.8941281,98.74167465,38.03802069,13.81862758,48.96920946,7.726037401,5.978422782,170.1931181,417.3528002,98.49688961,39.76579225,1.512498899,40.93858274,1.495862464,1.370998398,0,0,0,0,0,0,0,0,0,model2,6,1.883699801,3,none,0,16,149
11,5/7/2015,124,171.3604639,442.1243209,101.0625723,38.37533061,13.5851184,43.4744357,9.684826001,4.857218221,170.3640993,415.5995546,99.1527803,39.36266332,1.602304307,39.298055,1.793928247,1.436011102,0,0,0,0,0,0,0,0,0,model2,6,1.841011569,3,none,0,17,148
11,5/8/2015,125,168.2526797,462.3198359,100.4258698,40.81150706,15.99888911,35.07498925,8.912390584,4.290075154,170.4922198,423.3971918,99.90235769,39.63727266,1.329653023,44.71110647,1.17893142,1.578358569,0,0,0,0,0,0,0,0,0,model2,6,1.799290733,3,none,0,18,147
11,5/9/2015,126,167.3351299,459.1195445,97.40085998,41.44022325,15.82535315,51.11265716,12.82953267,4.361203941,169.7927144,444.6661592,99.23276009,39.58368705,1.902412192,22.48909992,1.488174842,1.49269878,0,0,0,0,0,0,0,0,0,model2,6,1.758515371,3,none,0,19,146
11,5/10/2015,127,170.5507862,452.0527958,100.3796997,39.87887397,16.44720224,52.73275643,10.44437415,4.970915217,169.8158222,453.702125,99.6021353,39.70879112,1.912841032,7.762603759,1.500168895,1.484280854,0,0,0,1,0,0,0,0,0,model2,6,1.718664057,3,none,0,20,145
11,5/11/2015,128,174.648364,446.9083147,100.4879092,40.82384479,12.80446252,53.12075876,8.471473544,4.197971144,170.4294847,452.5049623,99.95138221,40.26595594,2.872015407,8.357168706,1.452270872,1.194996474,0,0,0,0,0,0,0,0,0,model2,6,1.679715849,3,none,0,21,144
11,5/12/2015,129,166.6799004,448.5472398,96.51201334,39.52605876,13.86440459,47.79267373,11.66043416,5.859324731,169.493372,453.7895461,99.04127042,40.49610157,3.232839923,6.689995293,1.929336679,0.777852003,0,0,0,0,0,0,0,0,0,model2,6,1.641650283,4,none,0,22,143
11,5/13/2015,130,174.0015917,447.0071159,98.24225211,40.02110096,18.52437587,53.24145264,8.887420908,5.768324053,170.6431544,450.7270021,98.60454688,40.33802034,3.673545454,5.132343188,1.778836535,0.77804427,0,0,0,0,0,0,0,0,0,model2,6,1.604447354,4,none,0,23,142
11,5/14/2015,131,169.6479401,449.5128767,97.7645123,41.59197999,14.34882189,39.15909315,9.683824295,4.774204875,171.1057164,448.8056686,98.67727734,40.36837169,3.277092929,2.118106887,1.723904363,0.83282187,0,0,0,0,0,0,0,0,0,model2,6,1.568087515,4,none,0,24,141
11,5/15/2015,132,171.3933621,457.6076214,101.2021042,40.20123729,12.67600137,49.3468759,8.830691074,5.691559067,171.2742316,449.9166337,98.84175824,40.43284436,3.263056767,4.435787103,1.951193479,0.797168636,0,0,0,0,0,0,0,0,0,model2,6,1.532551659,4,none,0,25,140
11,5/16/2015,133,170.0543049,455.3717108,102.4962465,38.36049989,16.62408704,51.19866015,8.463955431,3.486570047,170.3554198,451.6093129,99.2434257,39.94017538,2.667983057,4.612127969,2.503368313,1.169404546,0,0,0,0,0,0,0,0,0,model2,6,1.497821114,4,none,0,26,139
11,5/17/2015,134,168.9087743,463.3744763,98.68588272,38.91014997,15.52009624,49.66320504,9.372296653,3.930831475,170.8011946,454.5747602,99.67819957,39.81699362,2.003889856,6.522275033,2.059885357,1.253357391,0,0,0,0,0,0,0,0,0,model2,6,1.463877629,4,none,0,27,138
11,5/18/2015,135,170.7793271,456.3077801,99.29824809,41.34938875,13.99309087,45.81697254,11.56923423,4.86354101,170.1567417,456.4348931,99.88939877,40.08265118,0.967424102,4.964723866,1.925610504,1.435036963,0,0,0,0,0,0,0,0,0,model2,6,1.430703368,4,none,0,28,137
11,5/19/2015,136,167.6283671,453.109226,100.1681588,41.34661348,13.52659415,43.50614853,9.446193617,5.699746578,169.7528271,457.1541629,100.3701281,40.03357788,1.505133031,3.845547313,1.519783257,1.373390934,0,0,0,0,0,0,0,0,0,model2,6,1.398280899,5,none,0,29,136
11,5/20/2015,137,171.8139695,436.8912305,99.08691325,40.68815236,17.61538938,62.01714173,9.043423131,5.510567333,169.8369486,453.0108848,99.94708988,40.13096089,1.626597108,9.794130523,1.524681439,1.405146918,0,0,0,0,0,0,0,30,30,model2,6,1.366593186,5,none,0,30,135
11,5/21/2015,138,163.8779292,458.2084857,101.2742577,40.20928989,10.57140988,43.34881514,11.0883567,5.065335862,168.6016735,453.5782397,99.70269212,40.50071889,3.09904896,10.04405382,1.032368355,1.010661892,0,0,0,0,0,0,0,0,0,model2,6,1.335623576,5,none,0,31,134
11,5/22/2015,139,168.0678783,449.8388563,100.7946187,39.24803575,16.5765874,43.53972872,10.80060668,4.534885801,168.4334942,450.8711158,100.1244393,40.56829604,3.101033011,8.439582414,0.939705598,0.880656298,0,0,0,0,0,0,0,0,0,model2,6,1.305355797,5,none,0,32,133
11,5/23/2015,140,170.3850053,454.6738267,98.45448451,39.34307473,12.82108999,51.13123459,9.669484083,5.126928707,168.3546299,450.5443251,99.9556866,40.16703324,3.030676017,8.204808581,1.172172785,0.892779972,0,0,0,0,0,0,0,0,0,model2,6,1.275773943,5,none,0,33,132
11,5/24/2015,141,169.489799,458.2790013,98.58535897,40.19698361,13.76731666,46.22203078,9.435522741,3.710048571,168.7269162,451.5782801,99.63912663,39.93710727,3.033486194,8.904727957,1.306479855,0.619149019,0,0,0,0,0,0,0,0,0,model2,6,1.246862471,5,none,0,34,131
11,5/25/2015,142,174.1151426,448.7556647,100.8184523,40.93786129,15.4053972,40.1487756,8.469539303,5.734413638,169.1871509,453.951167,99.98543443,39.98704905,3.716589818,4.507812456,1.352200274,0.699705477,1,0,0,0,0,0,0,0,0,model2,6,1.218606188,5,none,0,35,130
11,5/26/2015,143,166.3850915,450.1620938,100.8831707,41.07291209,16.18397949,56.79578294,10.01211283,5.470759945,169.6885833,452.3418886,99.90721702,40.1597735,2.900805453,4.017614972,1.267680693,0.857159539,0,0,0,0,0,0,0,0,0,model2,6,1.190990246,6,none,0,36,129
11,5/27/2015,144,177.0764392,448.8162937,101.3378829,39.11975958,17.40375318,38.1607305,11.68129111,5.071149245,171.4902955,452.1373761,100.0158699,40.13411826,4.16478046,4.198822515,1.380973678,0.892463187,0,0,0,0,0,0,0,0,0,model2,6,1.164000134,6,none,0,37,128
11,5/28/2015,145,169.7489675,453.0107709,102.4307815,37.99214222,13.92554239,36.61728907,9.117971875,3.985406082,171.3630879,451.8047649,100.8111293,39.86393176,4.216373833,4.009255784,1.401788128,1.302235571,0,0,0,0,0,0,0,0,0,model2,6,1.137621669,6,none,0,38,127
11,5/29/2015,146,171.1456123,460.1164481,99.14272757,39.85658063,17.19768692,48.74311131,10.83632524,6.864229852,171.6942506,452.1722543,100.922603,39.79585116,4.095759199,4.76417952,1.186109046,1.289304618,0,0,0,0,0,0,0,0,0,model2,6,1.111840991,6,none,0,39,126
11,5/30/2015,147,168.2346008,455.2580115,98.77747093,39.28449236,15.91472813,57.83081532,8.303233852,4.538514383,170.5181422,453.4727236,100.5144067,39.46517738,4.071034214,4.477229533,1.531750784,1.124700018,0,0,0,0,0,0,0,0,0,model2,6,1.086644552,6,none,0,40,125
11,5/31/2015,148,164.7755134,449.382014,98.25219262,38.91878876,12.56447704,48.20355079,9.373531629,5.467112345,170.1962266,453.3167076,99.9882111,39.03435271,4.518595105,4.632339249,1.801545065,0.679242346,0,0,0,0,0,0,0,0,0,model2,6,1.062019113,6,none,0,41,124
11,6/1/2015,149,166.647639,458.4139516,101.8059702,38.20115927,17.40564002,56.95098248,8.634060307,4.562070129,168.1104666,455.2362392,100.0818286,38.85063265,2.508683985,4.276079709,1.898754306,0.768705459,0,0,0,0,0,0,0,0,0,model2,6,1.037951733,6,none,0,42,123
11,6/2/2015,150,165.3336387,432.1455634,100.1064749,40.58516537,17.03625325,50.59162206,8.979713368,4.965197213,167.2274008,451.0631977,99.61696726,39.36923728,2.564227166,11.33903276,1.398536633,0.906983526,0,0,0,0,0,0,0,0,0,model2,6,1.014429766,7,none,0,43,122
11,6/3/2015,151,166.2244437,452.5846674,97.62999307,38.53880885,14.32014655,47.34826754,11.85434515,3.836785578,166.2431671,449.5568416,99.31442036,39.10568292,1.333323419,10.28715995,1.66501568,0.921314251,0,0,0,0,0,0,0,0,0,model2,6,0.991440851,7,none,0,44,121
11,6/4/2015,152,167.974832,442.2501258,102.7030472,41.27207792,15.89969148,44.39640768,12.79805146,5.115032139,166.1912133,446.9552644,100.0995356,39.50320003,1.23797865,10.12850407,2.190979029,1.347820001,0,0,0,0,0,0,0,0,45,model2,6,0.96897291,7,none,0,45,120
11,6/5/2015,153,164.8177909,427.103565,98.22235579,37.42510861,17.41711249,60.41672757,10.06787212,5.946544408,166.1996688,442.4995746,100.0935682,39.204464,1.225978196,13.22196447,2.19729984,1.642953618,0,0,0,0,0,0,0,0,0,model2,6,0.947014134,7,none,0,46,119
11,6/6/2015,154,164.7372507,449.060598,99.72134508,41.0080528,12.95873287,57.55484862,11.76456552,5.431103285,165.8175912,440.6289039,99.67664322,39.76584271,1.343518053,10.85776181,1.977978993,1.693204673,0,0,0,0,0,0,0,0,0,model2,6,0.925552987,7,none,0,47,118
11,6/7/2015,155,170.6601966,446.640293,97.87784513,39.27279388,16.54156679,57.7258389,9.956849781,4.242247857,166.8829028,443.5278498,99.23091726,39.50336841,2.488088459,9.921117133,2.103994099,1.635169105,0,0,0,0,0,0,0,0,0,model2,6,0.904578189,7,none,0,48,117
11,6/8/2015,156,173.630599,455.2100831,99.24815578,39.77300782,17.59261712,55.91091751,12.02032336,4.157040404,168.3641338,444.052933,99.5545498,39.75020821,3.836989223,10.56863674,1.911858616,1.543761061,0,0,1,0,0,0,0,0,0,model2,6,0.884078721,7,none,0,49,116
11,6/9/2015,157,184.3098858,455.9099596,101.1857531,41.22912922,14.14892306,45.67627362,9.995422546,3.896578952,171.6311446,446.7848997,99.25109098,39.74161847,8.056652514,11.69193189,1.31416945,1.533259915,0,0,0,0,0,0,0,0,0,model2,6,0.86404381,8,none,0,50,115
11,6/10/2015,158,189.5522605,448.0117291,101.4969469,38.64072943,17.07898038,64.98317369,9.743765569,5.004328163,176.5780385,450.9665326,99.90600921,39.98474263,10.14919218,4.287335758,1.47894801,1.112849478,0,0,0,0,0,0,0,0,0,model2,6,0.844462929,8,none,0,51,114
11,6/11/2015,159,171.9900785,438.4621912,103.053141,40.06548479,13.58707392,47.23173529,8.977386446,4.685333032,178.0286041,448.8468512,100.5723684,39.79622903,8.401619279,7.137676678,2.024803306,0.966359734,0,0,0,0,0,0,0,0,0,model2,6,0.825325787,8,none,0,52,113
11,6/12/2015,160,170.8010579,443.6432741,100.135323,40.33534333,13.15030205,51.03709449,8.542754816,4.53360395,178.0567764,448.2474474,101.023864,40.00873892,8.370914723,7.4866148,1.441407776,0.938917215,0,0,0,0,0,0,0,0,0,model2,6,0.806622329,8,none,0,53,112
11,6/13/2015,161,172.7550618,458.4367568,97.85350653,41.6446192,17.59822878,38.47797633,8.856316087,5.009335535,177.8816689,448.8927822,100.7449341,40.38306119,8.494890688,8.32855104,1.924814467,1.166855975,0,0,0,0,0,0,0,0,0,model2,6,0.788342728,8,none,0,54,111
11,6/14/2015,162,171.2768327,441.6656528,96.35365128,39.857282,14.79416292,52.57135906,6.758050112,5.110740811,175.2750583,446.0439208,99.77851375,40.10869175,8.015336322,7.743862302,2.703647763,1.075921832,0,0,0,0,0,0,0,0,0,model2,6,0.770477377,8,none,0,55,110
11,6/15/2015,163,168.2277881,445.7628476,102.2507168,40.39450616,12.58282815,52.23978181,10.94164651,5.407964903,171.0101638,445.5941445,99.92926771,40.45944709,1.722015809,7.66591241,2.840949936,0.69678926,0,0,0,0,0,0,0,0,0,model2,6,0.75301689,8,none,0,56,109
11,6/16/2015,164,169.9471993,444.0365748,103.8207862,39.99642092,9.337499339,43.80041968,9.312668869,4.531159107,170.601588,446.7090212,100.0827968,40.44563432,1.673046872,6.715864932,3.063962403,0.707158763,1,0,0,0,0,0,0,0,0,model2,6,0.73595209,9,none,0,57,108
11,6/17/2015,165,168.1774119,438.2612967,101.4187559,39.89479691,17.46191221,59.17747862,9.017137011,4.082654995,170.0768588,445.6326257,100.3394833,40.35752504,1.978413578,7.690635122,3.12266113,0.750455792,0,1,0,0,0,0,0,0,0,model2,6,0.719274011,9,none,0,58,107
11,6/18/2015,166,172.5990958,452.0599827,99.18557418,39.53693112,20.59342982,51.10126501,13.11087217,5.11291595,170.0456656,444.3572709,100.6058969,39.93598742,1.926170068,5.143344477,2.906913954,0.308637641,0,0,0,0,0,0,0,0,0,model2,6,0.702973889,9,none,0,59,106
11,6/19/2015,167,168.7873674,446.3005108,97.05230474,39.76151279,12.93329663,47.2367186,11.54221869,5.021533881,169.5477725,445.2842425,100.7456276,39.91683358,1.848552056,4.951034267,2.657508047,0.317585138,0,0,0,0,0,0,0,60,0,model2,6,0.687043159,9,none,0,60,105
11,6/20/2015,168,166.4597512,441.4026141,97.71975595,39.38740811,13.3825833,51.28463999,10.4188885,4.152777398,169.1941651,444.4121958,99.83943539,39.71541397,2.282372922,5.222226785,2.785412016,0.251352453,0,0,0,0,0,0,0,0,0,model2,6,0.67147345,9,none,0,61,104
11,6/21/2015,169,167.8151794,458.9565903,99.99633931,38.14799316,14.54877119,56.67076362,10.36763971,4.489116258,168.7677612,447.3961989,99.07454601,39.34572842,2.305555465,8.306075455,1.752303183,0.697713817,0,0,0,1,0,0,0,0,0,model2,6,0.65625658,9,none,0,62,103
11,6/22/2015,170,168.7612568,454.6233555,98.69427708,39.74593276,12.36470943,54.09576277,10.58807666,5.988489038,168.8845301,450.6686107,98.52965025,39.31595559,2.282854522,6.913854176,1.16693975,0.671094904,0,0,0,0,0,0,0,0,0,model2,6,0.641384553,9,none,0,63,102
11,6/23/2015,171,169.0697626,442.7318916,95.19935296,39.9784877,11.00430404,50.43894076,9.188692056,4.037709768,168.1786635,448.8029925,97.73240601,39.4042669,1.071304474,7.66254617,1.797890808,0.733586677,0,0,0,0,0,0,0,0,0,model2,6,0.626849555,10,none,0,64,101
11,6/24/2015,172,167.2542013,446.1762886,98.38073732,39.2960208,15.66156189,48.74925459,11.7603202,5.134700095,167.8720303,448.778148,97.99809252,39.31116851,1.072935614,7.672882898,1.770204406,0.705930891,0,0,0,0,0,0,0,0,0,model2,6,0.612643948,10,none,0,65,100
11,6/25/2015,173,168.8148481,432.2829046,102.3373489,38.69859714,14.61925505,45.21051575,9.80409006,4.238032019,168.3430496,446.9542061,98.92161112,39.17340631,0.772955434,10.44692853,2.599121801,0.752976225,0,0,0,0,0,0,0,0,0,model2,6,0.598760267,10,none,0,66,99
11,6/26/2015,174,172.5697061,448.6390599,100.7402527,38.72834316,14.05458214,50.20421071,12.28501816,3.980037702,169.293955,444.8907001,99.07039381,39.28947631,1.965624176,8.277144467,2.695527395,0.580331938,0,0,0,0,0,0,0,0,0,model2,6,0.585191217,10,none,0,67,98
11,6/27/2015,175,170.295715,460.3431381,99.45211075,39.67209551,11.63102027,50.90518728,9.003524992,4.983346959,169.6008466,446.0346566,99.22196054,39.27470886,1.981385687,10.14340376,2.690392788,0.566589623,0,0,0,0,0,0,0,0,0,model2,6,0.571929667,10,none,0,68,97
11,6/28/2015,176,172.4819167,447.9646271,102.0909801,40.12244835,13.1521377,55.8355366,12.43358354,5.47318722,170.2832774,447.0812037,100.600286,39.30350099,2.312656066,9.98617526,1.695866291,0.613047277,0,0,0,0,0,0,0,0,0,model2,6,0.558968649,10,none,0,69,96
11,6/29/2015,177,167.2046762,451.0624351,100.6914428,39.60105858,16.60826298,59.51407816,9.23382432,6.045183871,170.2733724,448.058433,101.0624271,39.36450855,2.328921701,10.11374353,1.17450962,0.627132923,0,0,0,0,0,0,0,0,0,model2,6,0.546301353,10,none,0,70,95
11,6/30/2015,178,166.6317619,453.2443231,103.3349495,38.08079558,17.73812319,68.26148173,10.65155093,4.009312051,169.8367552,452.2507167,101.2619472,39.24094823,2.822957934,4.982498866,1.488101332,0.821785867,0,0,0,0,0,0,0,0,0,model2,6,0.533921122,11,none,0,71,94
11,7/1/2015,179,171.6670569,448.5682842,103.4137896,41.50327314,15.4797884,48.18762178,9.990247906,4.851490091,169.6562253,452.2365615,101.7966545,39.79593423,2.626518336,4.995408458,1.716572399,1.226441069,0,0,0,0,0,0,0,0,0,model2,6,0.52182145,11,none,0,72,93
11,7/2/2015,180,169.7916129,455.0848861,98.75658691,40.34483505,15.17293647,37.93904239,8.234857053,5.393048665,169.5554049,451.1849111,101.6575498,39.93048214,2.605424785,3.028322501,1.964361099,1.246201344,0,0,0,0,0,0,0,0,0,model2,6,0.50999598,11,none,0,73,92
11,7/3/2015,181,172.0866917,455.0686772,99.29617683,38.25658587,12.06194841,54.316354,9.112150932,6.010291793,169.4763599,452.6057211,101.0985891,39.55730964,2.498232089,2.797447624,2.194361715,1.438824198,0,0,0,0,0,0,0,0,0,model2,6,0.498438498,11,none,0,74,91
11,7/4/2015,182,169.7657186,454.2923746,98.64181644,39.78877679,17.04777273,44.72222608,12.67414296,4.843990828,169.9885684,453.251709,100.6886638,39.59485329,2.154996995,2.723941043,2.464277963,1.442695024,0,0,0,0,0,0,0,0,75,model2,6,0.48714293,11,none,0,75,90
11,7/5/2015,183,171.1532108,450.5504455,102.6643582,39.30490118,14.29793656,42.44243633,9.118716736,4.203420142,170.8928582,452.7129335,100.5545456,39.83967441,1.06953147,2.98013398,2.296805692,1.205973704,0,0,0,0,0,0,0,0,0,model2,6,0.476103342,11,none,0,76,89
11,7/6/2015,184,171.7314692,450.2452373,99.40784649,39.23946706,16.3874803,47.96098653,11.10955022,7.061527297,170.9057407,453.0483241,99.75335697,39.38691319,1.081508827,2.443039404,1.660676979,0.772207034,0,0,0,0,0,0,0,0,0,model2,6,0.465313931,11,none,0,77,88
11,7/7/2015,185,167.8969483,443.2266236,102.2101618,47.35576396,12.64318428,50.17867267,9.75004715,6.186285497,170.5268077,450.6766716,100.444072,40.78909897,1.71553528,4.69223575,1.849884844,3.71280077,0,0,0,0,0,0,0,0,0,model2,6,0.45476903,12,none,0,78,87
11,7/8/2015,186,164.5107417,446.6188784,101.2283774,47.13712228,15.75920473,44.65297565,10.14791737,6.418962458,169.0116177,448.9867119,100.8305121,42.56520626,2.917749762,4.212020251,1.749220379,4.279326762,0,0,0,0,0,0,0,0,0,model2,6,0.444463096,12,none,0,79,86
11,7/9/2015,187,172.800227,462.6920932,97.25137592,49.52469197,12.61771188,70.33512419,10.86009339,5.317812663,169.6185194,450.6666556,100.552424,44.51238929,3.391028556,7.357663091,2.228915083,4.873879926,0,0,0,0,0,0,0,0,0,model2,6,0.434390714,12,none,0,80,85
11,7/10/2015,188,175.0374543,452.8150534,99.01685436,49.6559731,12.44622495,47.40873001,7.249496155,4.15478058,170.3953681,451.1195772,99.8229232,46.58260367,4.182953693,7.418174357,1.943521344,4.269906503,0,0,0,0,0,0,0,0,0,model2,6,0.424546591,12,none,0,81,84
11,7/11/2015,189,169.1474418,452.3649192,96.40263553,40.39854927,13.92468861,55.2732364,10.08315482,5.286477805,169.8785626,451.5435135,99.22188101,46.81442012,4.135973909,7.416283426,2.491431383,3.774274283,0,0,0,0,0,0,0,0,0,model2,6,0.414925555,12,none,0,82,83
11,7/12/2015,190,165.3069199,432.2174201,99.47750628,41.41516992,15.45940013,45.72237887,8.428221813,3.608284981,169.3605569,449.3416728,98.6753499,45.62630131,4.584119143,11.18136572,1.902035887,4.437941625,0,0,0,0,0,0,0,0,0,model2,6,0.40552255,12,none,0,83,82
11,7/13/2015,191,168.7782944,441.4024219,100.2507579,41.15331036,10.60371077,54.81314872,12.37626297,5.193311563,170.2140675,448.2983815,98.47982599,44.42953892,3.782608671,11.72889136,1.600294887,4.726128714,0,0,0,0,0,0,0,0,0,model2,6,0.396332635,12,none,0,84,81
11,7/14/2015,192,172.88024,454.4608421,100.5103998,39.29128725,11.16178892,49.17683638,9.77749546,6.358231893,170.2300701,446.6521313,99.13163077,42.38285798,3.796428841,9.585325456,1.638113856,4.148544979,0,0,0,0,0,0,0,0,0,model2,6,0.387350981,13,none,0,85,80
11,7/15/2015,193,169.7839404,439.2439686,98.1676263,40.01653472,14.15999444,49.68678654,12.07958867,3.926642162,169.1793673,443.9379144,98.96178516,40.4549703,2.70276225,9.321725355,1.695992435,0.860120555,0,1,0,0,0,0,0,0,0,model2,6,0.378572869,13,none,0,86,79
11,7/16/2015,194,170.9098593,433.0515215,100.2549978,39.31585524,15.51436226,49.40113075,12.67384443,5.169450545,169.5318508,440.0752348,99.73225761,40.2384315,2.810340514,8.950920748,0.956631392,1.002395133,0,0,0,0,0,0,0,0,0,model2,6,0.369993685,13,none,0,87,78
11,7/17/2015,195,171.0968634,446.8504982,99.53716673,41.09323333,13.85911243,45.07671296,10.40859905,4.440525683,170.6898395,443.0018504,99.7441897,40.17404418,1.540015362,8.090263819,0.953024766,0.914388898,0,0,0,0,0,0,0,0,0,model2,6,0.361608922,13,none,0,88,77
11,7/18/2015,196,169.0438482,458.6001598,102.3858837,41.77272205,14.1169693,54.04404822,9.361867003,5.199984151,170.7429503,446.441398,100.1712149,40.29792652,1.460117132,10.52860532,1.536490161,1.102780888,0,1,0,0,0,0,0,0,0,model2,6,0.353414174,13,none,0,89,76
11,7/19/2015,197,171.4573452,454.05462,103.191385,42.49202419,14.62395155,56.10586754,10.23447033,6.126368007,170.4583713,446.3601536,100.7074119,40.9380739,1.008116427,10.45254493,2.062283489,1.2861086,0,0,0,0,0,0,0,0,0,model2,6,0.345405134,13,none,0,90,75
11,7/20/2015,198,173.3662803,442.9854649,99.44453029,40.77451027,9.879563801,44.39153634,10.4415484,3.82570153,171.1748393,447.1084529,100.9627927,41.08966901,1.541074371,9.936944422,1.719761254,1.191523661,0,0,0,0,0,0,0,0,0,model2,6,0.337577595,13,none,0,91,74
11,7/21/2015,199,174.1493927,437.1979597,97.52534593,39.84073916,15.76081989,51.41567791,11.31246474,5.993783493,171.822746,447.9377405,100.4168623,41.1946458,2.011124,8.546248045,2.326756423,1.004642272,0,0,0,0,0,0,0,0,0,model2,6,0.329927442,14,none,0,92,73
11,7/22/2015,200,168.3657413,438.4458799,103.2361588,38.56987528,10.53725262,47.71377354,11.10956342,4.686798477,171.2765216,446.2568169,101.1566607,40.68997419,2.554929009,9.577828869,2.554077211,1.552650394,0,0,0,0,0,0,0,0,0,model2,6,0.322450656,14,none,0,93,72
11,7/23/2015,201,169.5040496,446.3019355,97.03746585,39.99210121,16.2773416,40.9110767,11.75160622,4.675022051,171.3685618,443.797172,100.0869772,40.33385002,2.460950956,6.788480665,2.992862522,1.4425199,0,0,0,0,0,0,0,0,0,model2,6,0.315143309,14,none,0,94,71
11,7/24/2015,202,170.6312907,444.5059873,100.5049613,39.99435765,18.39155439,53.44675951,10.55730085,4.83274142,171.2033509,441.8874454,99.54969242,39.83431671,2.481145475,3.917453925,2.496141665,0.79582133,0,0,0,0,0,0,0,0,0,model2,6,0.30800156,14,none,0,95,70
11,7/25/2015,203,166.107834,448.2861864,97.50360306,38.87817035,12.78917345,48.85793947,10.63969818,4.392828585,169.7516617,442.9475897,99.16150698,39.45504873,2.973775058,4.886319948,2.661995293,0.67903558,0,0,0,0,0,0,0,0,0,model2,6,0.301021657,14,none,0,96,69
11,7/26/2015,204,172.7007097,460.6457327,97.04201744,38.83596625,13.55185784,42.54395899,8.800693132,4.745700254,169.4619251,447.6371443,99.06484128,39.25409415,2.46528204,8.150320477,2.743782399,0.685009044,0,0,0,0,0,0,0,0,0,model2,6,0.294199932,14,none,0,97,68
11,7/27/2015,205,165.5875603,457.6398753,99.15594162,39.80475475,13.17043056,45.48317515,9.591062178,4.376347455,168.9062889,451.4759434,98.24879785,39.50107004,3.023900126,7.204239862,1.532330147,0.593092687,0,0,0,0,0,0,0,0,0,model2,6,0.2875328,14,none,0,98,67
11,7/28/2015,206,173.5143004,426.0277989,101.6078649,40.94064416,12.48069362,50.48209088,9.88817153,5.468600344,169.708339,447.4211161,99.16287765,39.69077863,3.682251962,13.65864075,1.938455522,0.874407088,0,0,0,0,0,0,0,0,0,model2,6,0.281016758,15,none,0,99,66
11,7/29/2015,207,167.3052685,460.8136605,103.0141757,39.5917187,17.48926624,42.90444903,11.23192288,5.514595019,169.0431346,450.6826508,99.66472054,39.61025084,3.773139988,14.69615679,2.588557336,0.857843233,0,0,0,0,0,0,0,0,0,model2,6,0.274648382,15,none,0,100,65
11,7/30/2015,208,168.2709598,444.6675766,101.378466,40.40975615,16.23211995,58.28692073,8.196350328,3.59116611,169.4757597,449.9589288,100.4396931,39.916568,3.463769011,14.93090173,2.348728297,0.802760227,0,0,0,0,0,0,0,0,0,model2,6,0.268424326,15,none,0,101,64
11,7/31/2015,209,173.167613,450.8111988,101.3933043,41.97695154,15.04453455,35.07650854,9.827617728,6.057310396,169.5691404,447.992022,101.3099505,40.54476506,3.576893266,13.77409055,1.382437442,0.959429311,0,0,0,0,0,0,0,0,0,model2,6,0.262341318,15,none,0,102,63
11,8/1/2015,210,166.8818159,445.8390534,96.64745477,41.05738208,15.55770126,46.22767228,9.282250659,5.127727738,169.8279915,445.6318577,100.8082531,40.79529053,3.248475595,12.6748235,2.423073669,0.877975557,0,0,0,0,0,0,0,0,0,model2,6,0.256396163,15,none,0,103,62
11,8/2/2015,211,167.8992826,455.4159082,96.99530896,38.14489083,15.08413765,54.89772944,7.48960682,4.843758928,168.704988,451.5094795,99.88574195,40.23613986,2.551261204,6.732030404,2.877897408,1.459760928,0,0,0,0,0,0,0,0,0,model2,6,0.250585737,15,none,0,104,61
11,8/3/2015,212,170.3176803,435.8120826,97.86107997,39.45521848,15.6796943,46.22616165,9.572417707,5.11257247,169.3074703,446.5091639,98.85512279,40.20883982,2.493109096,7.350265962,2.352150764,1.4760116,0,0,0,0,0,105,0,0,0,model2,6,0.244906986,15,none,0,105,60
11,8/4/2015,213,171.9562604,443.4359067,101.4635929,41.254065,13.1055772,44.96077509,8.39864667,5.087069667,170.0445304,446.26283,98.87214818,40.37770158,2.649897101,7.447410667,2.375176782,1.551128444,0,0,0,0,0,0,0,0,0,model2,6,0.239356926,16,none,0,106,59
11,8/5/2015,214,171.9653529,448.8811108,100.6532921,38.38721429,16.19510933,50.44818204,11.03838478,5.693381583,169.8040784,445.8768124,98.72414573,39.65975413,2.331021599,7.198583018,2.195027381,1.453546897,0,0,0,0,0,0,0,0,0,model2,6,0.233932641,16,none,0,107,58
11,8/6/2015,215,171.8407181,445.9847538,102.9637834,38.93991504,10.67720932,50.00661479,7.61170387,5.817813661,170.7958589,445.9059524,99.98741146,39.23626073,1.762440628,7.198686855,2.497762074,1.236857453,0,0,0,0,0,0,0,0,0,model2,6,0.228631281,16,none,0,108,57
11,8/7/2015,216,169.7968341,438.600648,99.2814779,39.86936001,14.06297915,44.60391076,9.707597017,4.844776978,171.1753692,442.5429004,100.4446452,39.58115456,1.038333235,5.330618804,1.965681349,1.087914643,0,0,0,0,0,0,0,0,0,model2,6,0.22345006,16,none,0,109,56
11,8/8/2015,217,169.5160267,448.0973244,102.2009274,39.66497164,18.02133279,56.24174572,7.923462313,4.643783736,171.0150385,444.9999487,101.3126147,39.6231052,1.245170792,4.154042375,1.422890973,1.085886644,0,0,0,0,0,0,0,0,0,model2,6,0.218386255,16,none,0,110,55
11,8/9/2015,218,170.1249374,470.9355948,97.47892295,39.1969607,17.87374384,56.08478433,9.120553833,5.582612038,170.6487739,450.4998863,100.5156807,39.21168434,1.165915255,12.12424443,2.213444948,0.589879831,0,0,0,0,0,0,0,0,0,model2,6,0.213437206,16,none,0,111,54
11,8/10/2015,219,167.2511701,439.1107027,99.77938446,40.52693385,12.560232,34.11713864,8.699495309,5.753835005,169.7059373,448.5458047,100.3408992,39.63962825,1.643400494,13.1908122,2.234267585,0.617714199,0,0,0,0,0,0,0,0,0,model2,6,0.208600311,16,none,0,112,53
11,8/11/2015,220,170.119451,461.4992407,98.52532025,40.49930139,14.25903268,42.12160703,9.618695804,5.379015865,169.3616839,451.6487021,99.45320658,39.95150552,1.206670315,14.22219012,1.763846724,0.567755563,0,0,0,0,0,0,0,0,0,model2,6,0.20387303,17,none,0,113,52
11,8/12/2015,221,169.574256,454.9028742,100.4911791,39.12643182,12.35944688,51.56907544,11.86458973,4.09565285,169.3171682,454.9091474,99.69514681,39.80291988,1.190602361,12.20930149,1.816579327,0.680623938,0,0,0,0,0,0,0,0,0,model2,6,0.199252878,17,none,0,114,51
11,8/13/2015,222,171.9352937,438.3337406,101.4116694,39.81013136,12.25470555,45.74373972,11.66112437,4.199735093,169.8010216,452.9564306,99.53729522,39.83195182,1.681859226,14.19106969,1.56067051,0.676351203,0,0,0,0,0,0,0,0,0,model2,6,0.194737428,17,none,0,115,50
11,8/14/2015,223,170.5225073,441.5740122,100.2021702,39.56125675,17.96525042,49.58017295,12.08828895,4.772410229,169.8805356,447.0841141,100.0819447,39.90481104,1.710161509,10.48134573,1.056493848,0.606902703,0,0,0,0,0,0,0,0,0,model2,6,0.190324306,17,none,0,116,49
11,8/15/2015,224,168.3287456,443.9283624,99.13882391,40.61313225,16.65069308,52.86420579,9.556055148,4.183310168,170.0960507,448.047646,99.95383256,39.92205072,1.319172555,9.761863865,1.138045201,0.629785614,0,0,0,0,0,0,0,0,0,model2,6,0.186011194,17,none,0,117,48
11,8/16/2015,225,172.6145901,455.2782037,97.56250874,41.39589052,15.88732546,47.01688789,11.12597194,4.019346957,170.5950785,446.8034386,99.76127026,40.10136854,1.736246967,7.822583475,1.472495203,0.90342829,0,0,0,0,0,0,0,0,0,model2,6,0.181795825,17,none,0,118,47
11,8/17/2015,226,166.1467854,451.4967315,95.93117247,39.49784147,13.04752197,66.89641096,10.29729626,4.900626605,169.9095844,446.1222101,98.84926894,40.17565047,2.667111547,7.051188352,2.159347045,0.814076928,0,0,0,0,0,0,0,0,0,model2,6,0.177675985,17,none,0,119,46
11,8/18/2015,227,168.1472607,472.5555285,98.05525793,40.65215349,13.47276734,55.42738812,8.304028736,3.819308199,169.1519778,452.9665676,98.17798665,40.3440549,2.479232931,12.27508595,1.61729532,0.806618812,0,0,0,0,0,120,120,0,0,model2,6,0.173649508,18,none,0,120,45
11,8/19/2015,228,170.2451669,461.5377954,103.0338065,41.76518764,15.7702642,49.88391028,9.576574019,3.075276176,169.0965098,456.9593243,98.74431392,40.78484108,2.443752832,10.80134294,2.661795044,0.871481312,0,0,0,0,0,0,0,0,0,model2,6,0.169714279,18,none,0,121,44
11,8/20/2015,229,166.9133029,462.3194751,100.5181559,40.08232627,22.31749442,55.73687731,11.46840182,5.466606493,168.8134212,460.6375468,99.02018031,40.67867988,2.629826341,8.030483801,2.781680126,0.928117832,0,0,1,0,0,0,0,0,0,model2,6,0.165868229,18,none,0,122,43
11,8/21/2015,230,173.454778,458.59557,100.3037926,42.2762825,17.52996345,50.65866622,8.965559947,5.688881514,168.9814588,461.3010201,99.56843708,40.85475827,2.94177121,7.602644388,2.691231313,1.15418108,0,0,0,0,0,0,0,0,0,model2,6,0.162109339,18,none,0,123,42
11,8/22/2015,231,168.1026564,451.5062788,95.41567239,41.20625248,11.38652848,58.12707474,9.92020632,3.834472904,169.372633,461.3029296,99.46533706,41.19644048,2.578173081,7.599566934,2.869386548,0.869932067,0,0,0,0,0,0,0,0,0,model2,6,0.158435632,18,none,0,124,41
11,8/23/2015,232,170.5744112,429.4678352,101.8761094,39.27005324,13.7808446,66.27935916,9.08638568,5.265981614,169.8580631,452.6853909,100.2295074,40.92002043,2.517559708,13.66158903,2.908489102,1.230833705,0,0,0,0,0,0,0,0,0,model2,6,0.154845178,18,none,0,125,40
11,8/24/2015,233,168.2302163,440.7845973,97.27064814,38.02177251,15.89859242,39.52596367,12.13168903,3.984952618,169.455073,448.5347513,99.07687567,40.1713374,2.60002202,13.45065831,2.649773124,1.653988243,0,0,0,0,0,0,0,0,0,model2,6,0.151336091,18,none,0,126,39
11,8/25/2015,234,165.4764694,448.1794784,101.7191958,42.37864082,14.28707096,54.07989937,11.30528553,4.99257716,169.1677063,445.706752,99.31708364,40.63060031,2.999843805,11.11081166,2.859250681,1.920440167,0,1,0,0,0,0,0,0,0,model2,6,0.147906526,19,none,0,127,38
11,8/26/2015,235,169.8936343,461.8493375,96.02537237,39.36960327,15.04952947,53.20983853,12.88622147,4.548856956,168.4554775,446.3575055,98.4613996,40.04926446,1.975341089,12.10521146,3.118575415,1.728037079,0,0,0,1,0,0,0,0,0,model2,6,0.144554682,19,none,0,128,37
11,8/27/2015,236,167.4686536,445.5389131,98.90053919,40.28109096,12.89903871,49.71557756,7.020107021,6.167915772,168.328677,445.1640323,99.15837296,39.86423216,2.023415211,11.75992042,2.61675278,1.619288893,0,0,0,0,0,0,0,0,0,model2,6,0.141278797,19,none,0,129,36
11,8/28/2015,237,168.6771417,451.1674048,99.19258348,37.7853817,15.11406971,43.88651078,11.12179283,4.79149857,167.9492231,449.5039462,98.62166779,39.56729785,1.638216684,7.884772143,2.154321091,1.871904565,0,0,0,0,0,0,0,0,0,model2,6,0.13807715,19,none,0,130,35
11,8/29/2015,238,169.825991,453.2240921,100.2707713,39.06399893,13.10639685,52.71225425,9.088124422,5.131173688,168.268378,451.9918452,99.22169241,39.77574314,1.848581682,6.235839195,2.101103155,1.707594862,0,0,0,0,0,0,0,0,0,model2,6,0.134948058,19,none,0,131,34
11,8/30/2015,239,173.0163133,455.7538573,96.76438454,40.39991343,16.69694594,41.47350721,9.992061951,4.881199267,169.7763468,453.506721,98.23073017,39.37999766,2.064419002,5.993478001,1.771252811,1.060066108,0,0,0,0,0,0,0,0,0,model2,6,0.131889878,19,none,0,132,33
11,8/31/2015,240,165.7121545,433.3974505,99.03444979,38.37243853,13.90005092,39.84187893,9.789967905,4.209994228,168.9400508,447.8163436,98.83254565,39.18056471,2.741087891,8.896188047,1.276792753,1.152297755,0,0,0,0,0,0,0,0,0,model2,6,0.128901001,19,none,0,133,32
11,9/1/2015,241,170.410664,448.6318641,101.7921729,39.80045148,13.81124441,50.32471288,12.6692898,5.506698327,169.5284529,448.4349338,99.41087239,39.08443681,2.660867318,8.805307517,1.844129876,1.053335082,0,0,0,0,0,0,0,0,0,model2,6,0.125979859,20,none,0,134,31
11,9/2/2015,242,170.0014721,439.5270252,104.1842161,39.95392332,19.80676537,56.08538315,9.790466482,5.763645919,169.793319,446.1068579,100.4091989,39.51814514,2.620548886,9.419640547,2.799872351,0.80093808,0,0,0,0,0,0,0,0,135,model2,6,0.123124914,20,none,0,135,30
11,9/3/2015,243,171.6213347,474.973488,97.30498445,39.27239154,13.29239945,56.28534635,12.14005508,4.539409885,170.1523877,450.456737,99.81604154,39.55982366,2.746134922,16.1472798,3.131091968,0.77644507,0,0,0,0,0,0,0,0,0,model2,6,0.120334669,20,none,0,136,29
11,9/4/2015,244,176.2612742,467.5793641,99.863021,37.45093399,15.31261583,37.52010733,8.824788358,5.088486824,170.8013799,452.8218384,100.4357688,38.97002777,3.78072408,17.88920716,2.645006363,1.050456645,0,0,0,1,0,0,0,0,0,model2,6,0.117607656,20,none,0,137,28
11,9/5/2015,245,194.4638105,446.6273181,109.1500552,40.05942511,14.19702242,52.2706613,16.15912156,4.318417341,176.5517111,455.4678119,102.4588899,39.30742509,10.31811952,15.05119837,4.513707776,1.081009433,0,0,0,0,0,0,0,0,0,model2,6,0.114942442,20,none,0,138,27
11,9/6/2015,246,179.9801673,451.6654117,125.7043891,39.24508424,18.27336002,53.02160139,5.851240833,5.317296433,178.4656117,456.0745214,107.2413332,39.19635164,9.767050931,14.76517755,11.25882027,1.045639802,0,0,0,0,0,0,0,0,0,model2,6,0.112337627,20,none,0,139,26
11,9/7/2015,247,178.280715,449.8147191,119.020424,39.21252156,13.92042176,43.25135234,16.74814303,5.624533976,180.1214603,458.1320602,110.2085747,39.04807129,8.606167688,12.41209125,12.16986584,0.960450634,0,0,0,0,0,0,0,0,0,model2,6,0.109791842,20,none,0,140,25
11,9/8/2015,248,168.657703,434.0997344,102.6482847,39.81496814,15.68497834,47.9805791,10.92381183,4.598372674,179.528734,449.9573095,111.2772348,39.15658661,9.403104042,12.00027378,10.9243731,1.020881361,0,0,0,0,0,0,0,0,0,model2,6,0.107303749,21,none,0,141,24
11,9/9/2015,249,175.3578273,453.3799519,100.1187025,38.91523884,11.13192349,56.55654773,9.556754383,5.514133496,179.3480446,447.117427,111.3283711,39.44944758,9.48986813,7.695441746,10.85798328,0.471422095,0,0,0,0,0,0,0,0,0,model2,6,0.104872041,21,none,0,142,23
11,9/10/2015,250,169.7976289,451.5636901,100.2144676,42.17474794,17.40986726,46.94457752,9.358622672,3.617680596,174.4148083,448.1047014,109.5412535,39.87251214,5.031658469,7.929924176,11.98319708,1.327518976,0,0,0,0,0,0,0,0,0,model2,6,0.102495441,21,none,0,143,22
11,9/11/2015,251,172.1285603,447.386038,101.6018421,40.38580857,12.02707456,57.18411835,9.826400636,6.233721711,172.8444869,447.2488267,104.7207442,40.10065701,3.974748735,7.67642498,8.06208406,1.290230945,0,0,0,0,0,0,0,0,0,model2,6,0.100172698,21,none,0,144,21
11,9/12/2015,252,167.3507262,457.6854112,102.5349559,38.69106746,15.0711519,52.35862487,7.835475609,5.740730535,170.6584891,448.8229651,101.4236505,39.99636619,3.159525656,9.023011344,1.217732889,1.396653037,0,0,0,0,0,0,0,0,0,model2,6,0.097902594,21,none,0,145,20
11,9/13/2015,253,170.8845904,447.9226521,102.5129935,39.64906928,17.2983063,55.36556072,9.175180354,4.068675187,171.1038666,451.5875487,101.3965923,39.96318642,2.957472768,4.227332621,1.184775518,1.403991117,1,0,0,0,0,0,0,0,0,model2,6,0.095683934,21,none,0,146,19
11,9/14/2015,254,167.3805967,462.8403315,102.6710982,42.2255863,15.76359041,42.74891754,10.38760005,5.020884525,169.5084205,453.4796246,101.9070714,40.62525591,2.122845746,6.651954985,1.03720659,1.558311848,0,0,0,0,0,0,0,0,0,model2,6,0.093515554,21,none,0,147,18
11,9/15/2015,255,174.0415553,454.5307584,97.07610999,41.7641375,17.42153039,46.67822823,9.458881107,3.990082221,170.3572058,454.0730383,101.2793999,40.54313382,2.953361812,6.570148383,2.387813492,1.464218972,0,0,0,0,0,0,0,0,0,model2,6,0.091396313,22,none,0,148,17
11,9/16/2015,256,166.0527078,459.4964231,103.1978977,38.80250033,17.38090693,47.05262975,7.742338851,4.740547051,169.1420353,456.4951153,101.598611,40.22647217,3.274797454,5.657566728,2.543314728,1.66428885,0,0,0,0,0,0,0,0,0,model2,6,0.089325098,22,none,0,149,16
11,9/17/2015,257,166.4506167,445.5112731,100.1749413,38.31567086,16.71474119,49.88322515,9.566463565,3.233184762,168.9620134,454.0602877,101.1266081,40.15139285,3.419433417,7.375945741,2.545091317,1.75676827,0,0,0,0,0,0,150,0,0,model2,6,0.087300821,22,none,0,150,15
11,9/18/2015,258,165.1301723,439.0565487,97.28870573,41.44961222,16.0780183,47.65765573,9.0913875,5.020296943,167.8111298,452.287067,100.0817506,40.51150144,3.575406893,9.865829363,2.88352013,1.811738984,0,0,0,0,0,0,0,0,0,model2,6,0.085322417,22,none,0,151,14
11,9/19/2015,259,169.4933694,445.9231407,101.4405673,40.65994942,12.95764208,55.68138205,9.079744926,4.569140165,168.2336843,448.9036288,99.8356444,40.19837407,3.636136256,8.081278559,2.65035724,1.55911022,0,0,0,0,0,0,0,0,0,model2,6,0.083388849,22,none,0,152,13
11,9/20/2015,260,171.2655847,454.553932,101.1335817,41.26895821,13.75932022,40.79890717,11.1575914,5.19479962,167.6784902,448.9082635,100.6471388,40.09933821,2.588715863,8.085318219,2.172243638,1.446443352,0,0,0,0,0,0,0,0,0,model2,6,0.081499098,22,none,0,153,12
11,9/21/2015,261,169.8204061,455.7849933,99.79476234,41.30087686,18.65057838,42.15719837,10.637996,5.265484593,168.4320298,448.1659776,99.96651167,40.59901351,2.545158374,6.962665248,1.641529605,1.311709102,0,0,0,0,0,0,0,0,0,model2,6,0.079652173,22,none,0,154,11
11,9/22/2015,262,162.4416272,447.1466044,100.2281108,39.60734841,16.70022065,48.78101575,8.71811253,4.091741621,167.630232,448.4930438,99.97714556,40.85734902,3.696479766,6.844187928,1.643388537,0.761311843,0,0,0,0,0,0,0,0,0,model2,6,0.077847103,23,none,0,155,10
11,9/23/2015,263,174.4802569,448.0001773,100.2404591,38.8457745,17.66021518,49.11058485,12.2574414,4.697003582,169.5002489,450.2817695,100.5674962,40.33658148,4.411450389,4.543385659,0.689557696,1.079125235,0,0,0,0,0,0,0,0,0,model2,6,0.076082939,23,none,0,156,9
11,9/24/2015,264,167.7546398,451.0719346,100.6801477,40.16627357,12.93534711,50.86459163,10.67123745,5.226664125,169.152503,451.3115283,100.4154123,40.23784631,4.480124044,3.837124979,0.509104361,1.064629029,0,0,0,0,0,0,0,0,0,model2,6,0.074358754,23,none,0,157,8
11,9/25/2015,265,168.0083768,447.5007077,104.428913,40.89100738,20.89738842,47.86078976,9.062419815,4.846519375,168.5010614,449.9008835,101.0744786,40.16225614,4.330360126,3.638464324,1.901139655,0.983437612,0,0,0,0,0,0,0,0,0,model2,6,0.072673643,23,none,0,158,7
11,9/26/2015,266,173.2183957,464.6133201,99.13391471,41.04153596,15.30726755,53.95458305,10.53351303,4.185258073,169.1806593,451.6665488,100.942309,40.11038796,4.827302082,7.402683006,2.030892567,0.912664021,0,0,0,0,0,0,0,0,0,model2,6,0.07102672,23,none,0,159,6
11,9/27/2015,267,168.7731093,454.041425,101.7251985,40.5194687,17.12190466,44.50184566,8.959585067,5.187418024,170.4469557,453.045513,101.2417266,40.29281202,3.160118371,6.980352633,2.009519899,0.877457697,0,0,0,0,0,0,0,0,0,model2,6,0.069417119,23,none,0,160,5
11,9/28/2015,268,167.0920182,447.6684608,98.26500242,38.09676618,15.42622427,48.00062646,8.566317669,5.755204845,168.969308,452.9791696,100.8466353,40.14301036,2.450319634,7.041600724,2.409903798,1.193338291,0,0,0,0,0,0,0,0,0,model2,6,0.067843994,23,none,0,161,4
11,9/29/2015,269,171.3365221,456.4402949,98.23804861,40.25562181,12.724534,50.22826088,12.05801775,5.622128587,169.6856844,454.0528417,100.3582155,40.16088001,2.528763182,7.087216438,2.683970098,1.194442197,0,0,0,1,0,0,0,0,0,model2,6,0.06630652,24,none,0,162,3
11,9/30/2015,270,168.3685107,465.3161502,119.8295342,38.52395806,18.74944259,38.94429597,12.81023616,5.164313894,169.7577112,457.6159302,103.4383397,39.68747014,2.473571273,7.439223875,9.272818213,1.297363829,0,0,0,0,0,0,0,0,0,model2,6,0.064803888,24,none,0,163,2
11,10/1/2015,271,172.0531883,458.356839,124.5105671,39.7361599,16.59102308,41.05586027,8.276252969,5.626631249,169.5246697,456.364634,108.5136702,39.42639493,2.091384426,6.425048178,12.65559587,1.067788222,0,0,0,1,0,0,0,0,0,model2,6,0.063335308,24,none,0,164,1
11,10/2/2015,272,172.045852,455.2755445,108.0503968,38.2682172,12.44358138,58.52331207,14.31044544,5.984946907,170.1792182,456.6114579,109.7787098,38.97614463,2.29917938,6.336583901,12.11183384,0.960940355,0,0,0,0,0,0,0,165,0,model2,6,0.061900009,24,comp3,1,165,0
